,lugares,LAT_google,LON_google,labels,Quotes,Position
1089,the Guggenheim Museum,40.7829796,-73.9589706,FAC,,0
209,Bilbao,43.2630126,-2.9349852,GPE,,1
141,Barcelona,36.0881056,-95.9241306,GPE,,2
282,Catalonia,41.5911589,1.5208624,GPE,,3
842,Spain,40.46366700000001,-3.74922,GPE,,4
843,Spain,40.46366700000001,-3.74922,GPE,,5
723,Montserrat,16.742498,-62.187366,GPE,,6
1066,the Balearic Sea,40.2890514,2.1450245,LOC,,7
1015,Whiffenpoof,36.0865317,-95.9583804,GPE,,8
844,Spain,40.46366700000001,-3.74922,GPE,,9
845,Spain,40.46366700000001,-3.74922,GPE,,10
266,Cambridge,52.2042666,0.1149085,GPE,,11
244,Boston,42.3600825,-71.0588801,GPE,,12
245,Boston,42.3600825,-71.0588801,GPE,,13
373,Grail cup,38.899781,-77.03231199999999,FAC,,14
738,Nervión River,25.8672778,-80.34165139999999,LOC,,15
210,Bilbao,43.2630126,-2.9349852,GPE,,16
846,Spain,40.46366700000001,-3.74922,GPE,,17
1080,the Disney Concert Hall,34.0553454,-118.249845,FAC,"When the building was first unveiled in 1997,The New Yorkerhailed its architect, Frank Gehry, as having designed “a fantastic dream ship of undulating form in a cloak of titanium,” while other critics around the world gushed, “The greatest building of our time!” “Mercurial brilliance!” “An astonishing architectural feat!” Since the museum’s debut, dozens of other “deconstructivist” buildings had been erected—the Disney Concert Hall in Los Angeles, BMW World in Munich, and even the new library at Langdon’s own alma mater",18
654,Los Angeles,34.0522342,-118.2436849,GPE,,19
735,Munich,48.1351253,11.5819805,GPE,,20
1075,the Bilbao Guggenheim,43.2686712,-2.9340118,FAC,,21
976,The Fog Sculpture,42.3574812,-71.0512645,FAC,,22
656,Louvre,48.8606111,2.337644,LOC,,23
764,Prado,35.2564201,-120.6719665,FAC,,24
1146,Ávila,40.656685,-4.6812086,GPE,,25
714,Mediterranean,34.5531284,18.0480105,LOC,,26
1147,Ávila,40.656685,-4.6812086,GPE,,27
1148,Ávila,40.656685,-4.6812086,GPE,,28
1149,Ávila,40.656685,-4.6812086,GPE,,29
1150,Ávila,40.656685,-4.6812086,GPE,,30
1029,earth,37.2321077,-95.7243335,LOC,,31
825,Seville,37.3890924,-5.9844589,GPE,,32
1151,Ávila,40.656685,-4.6812086,GPE,,33
1152,Ávila,40.656685,-4.6812086,GPE,,34
1153,Ávila,40.656685,-4.6812086,GPE,,35
1154,Ávila,40.656685,-4.6812086,GPE,,36
1155,Ávila,40.656685,-4.6812086,GPE,,37
441,Ireland,53.1423672,-7.692053599999999,GPE,,38
1156,Ávila,40.656685,-4.6812086,GPE,,39
1157,Ávila,40.656685,-4.6812086,GPE,,40
847,Spain,40.46366700000001,-3.74922,GPE,,41
1158,Ávila,40.656685,-4.6812086,GPE,,42
848,Spain,40.46366700000001,-3.74922,GPE,,43
1159,Ávila,40.656685,-4.6812086,GPE,,44
1160,Ávila,40.656685,-4.6812086,GPE,,45
1161,Ávila,40.656685,-4.6812086,GPE,,46
1162,Ávila,40.656685,-4.6812086,GPE,,47
1163,Ávila,40.656685,-4.6812086,GPE,,48
1164,Ávila,40.656685,-4.6812086,GPE,,49
1165,Ávila,40.656685,-4.6812086,GPE,,50
1166,Ávila,40.656685,-4.6812086,GPE,,51
650,Le llamo desde el,,,FAC,,52
1062,ocho,29.4307999,-98.4898631,GPE,,53
1167,Ávila,40.656685,-4.6812086,GPE,,54
1168,Ávila,40.656685,-4.6812086,GPE,,55
1169,Ávila,40.656685,-4.6812086,GPE,,56
1170,Ávila,40.656685,-4.6812086,GPE,,57
1171,Ávila,40.656685,-4.6812086,GPE,,58
211,Bilbao,43.2630126,-2.9349852,GPE,,59
1172,Ávila,40.656685,-4.6812086,GPE,,60
405,Guggenheim,40.7829796,-73.9589706,FAC,,61
212,Bilbao,43.2630126,-2.9349852,GPE,,62
243,Bollywood,34.150392,-118.44694,GPE,,63
213,Bilbao,43.2630126,-2.9349852,GPE,,64
214,Bilbao,43.2630126,-2.9349852,GPE,"Also, we have a brand-new story just now breaking! EDMOND KIRSCH SURPRISE ANNOUNCEMENT? Tech titans have flooded Bilbao, Spain, this evening to attend a VIP event hosted by futurist Edmond Kirsch at the Guggenheim Museum",65
849,Spain,40.46366700000001,-3.74922,GPE,,66
1090,the Guggenheim Museum,40.7829796,-73.9589706,FAC,,67
352,Europe,54.5259614,15.2551187,LOC, CHAPTER5 THE LARGEST SYNAGOGUEin Europe is located in Budapest on Dohány Street,68
252,Budapest,47.497912,19.040235,GPE,,69
295,Dohány Street,47.4977584,19.0686969,FAC,,70
436,Hungary,47.162494,19.5033041,GPE,,71
288,Danube,46.3108097,18.9257117,GPE,,72
296,Dohány Street,47.4977584,19.0686969,FAC,"He made his way past the boutiques and mysterious “ruin bars” of Dohány Street en route to his home on Marcius 15 Square, a stone’s throw from Elisabeth Bridge, which linked the ancient cities of Buda and Pest, which were formally united in 1873",73
708,Marcius 15 Square,47.4925346,19.0520118,FAC,"He made his way past the boutiques and mysterious “ruin bars” of Dohány Street en route to his home on Marcius 15 Square, a stone’s throw from Elisabeth Bridge, which linked the ancient cities of Buda and Pest, which were formally united in 1873",74
328,Elisabeth Bridge,47.4908824,19.0491978,FAC,,75
249,Buda,30.0817231,-97.8428927,GPE,,76
289,Danube,46.3108097,18.9257117,GPE,,77
267,Cambridge,52.2042666,0.1149085,GPE,,78
740,New York,40.7127753,-74.0059728,GPE,,79
1173,Ávila,40.656685,-4.6812086,GPE,,80
1174,Ávila,40.656685,-4.6812086,GPE,,81
1175,Ávila,40.656685,-4.6812086,GPE,,82
1176,Ávila,40.656685,-4.6812086,GPE,,83
298,Dubai,25.2048493,55.2707828,GPE,,84
985,Turing,37.4120482,-121.9001949,LOC,,85
652,London,51.5073509,-0.1277583,GPE,,86
215,Bilbao,43.2630126,-2.9349852,GPE,,87
246,Boston,42.3600825,-71.0588801,GPE,,88
142,Barcelona,36.0881056,-95.9241306,GPE,,89
658,Madrid,40.4167754,-3.7037902,GPE,,90
850,Spain,40.46366700000001,-3.74922,GPE,,91
724,Montserrat,16.742498,-62.187366,GPE,,92
659,Madrid,40.4167754,-3.7037902,GPE,.”  CHAPTER10 THE HOLY SEATof the Roman Catholic Archdiocese of Madrid—Catedral de la Almudena—is a robust neoclassical cathedral situated adjacent to Madrid’s Royal Palace,93
660,Madrid,40.4167754,-3.7037902,GPE,,94
783,Royal Palace,42.9657502,-71.44927229999999,FAC,,95
0,Almudena Cathedral,40.415651,-3.714552,FAC,,96
661,Madrid,40.4167754,-3.7037902,GPE,,97
1144,the Virgin of Almudena,40.415651,-3.714552,GPE,"Today, the Virgin of Almudena is the patron saint of Madrid, and pilgrims and tourists alike flock to mass at Almudena Cathedral for the privilege of praying before her likeness",98
662,Madrid,40.4167754,-3.7037902,GPE,,99
1,Almudena Cathedral,40.415651,-3.714552,FAC,,100
1132,the Royal Palace’s,34.1439677,-118.2547538,FAC,,101
406,Guggenheim,40.7829796,-73.9589706,FAC,,102
1177,Ávila,40.656685,-4.6812086,GPE,,103
1178,Ávila,40.656685,-4.6812086,GPE,,104
851,Spain,40.46366700000001,-3.74922,GPE,,105
1179,Ávila,40.656685,-4.6812086,GPE,,106
1180,Ávila,40.656685,-4.6812086,GPE,,107
1030,earth,37.2321077,-95.7243335,LOC,,108
1181,Ávila,40.656685,-4.6812086,GPE,,109
1182,Ávila,40.656685,-4.6812086,GPE,,110
1183,Ávila,40.656685,-4.6812086,GPE,,111
1184,Ávila,40.656685,-4.6812086,GPE,,112
1185,Ávila,40.656685,-4.6812086,GPE,,113
1186,Ávila,40.656685,-4.6812086,GPE,,114
1187,Ávila,40.656685,-4.6812086,GPE,,115
1188,Ávila,40.656685,-4.6812086,GPE,,116
1189,Ávila,40.656685,-4.6812086,GPE,,117
299,Dubai,25.2048493,55.2707828,GPE," CHAPTER11 THIRTY KILOMETERS UPthe coastline from Dubai’s glistening skyscrapers, man-made islands, and celebrity party villas lies the city of Sharjah—the ultraconservative Islamic cultural capital of the United Arab Emirates",118
838,Sharjah,25.3462553,55.4209317,GPE,,119
1136,the United Arab Emirates,23.424076,53.847818,GPE,,120
839,Sharjah,25.3462553,55.4209317,GPE,,121
840,Sharjah,25.3462553,55.4209317,GPE,,122
716,Miró,32.7905419,-96.80457779999999,GPE,,123
1016,Winston,32.8956509,-96.8107349,GPE,,124
300,Dubai,25.2048493,55.2707828,GPE,,125
709,Marhaba,40.3625976,-74.9438673,GPE,,126
710,Marhaba,40.3625976,-74.9438673,GPE,,127
1026,all Wi-Fi,40.7055953,-74.0139712,FAC,,128
986,U.S.,37.09024,-95.712891,GPE,,129
978,The Guardia Real,40.5225894,-3.7772348,FAC,,130
852,Spain,40.46366700000001,-3.74922,GPE,,131
853,Spain,40.46366700000001,-3.74922,GPE,,132
979,The Royal Palace,42.9657502,-71.44927229999999,FAC,,133
663,Madrid,40.4167754,-3.7037902,GPE,,134
854,Spain,40.46366700000001,-3.74922,GPE,,135
855,Spain,40.46366700000001,-3.74922,GPE,,136
447,Julián,33.0786552,-116.6019637,GPE,,137
376,Guardia,39.4652901,15.9998557,FAC,,138
856,Spain,40.46366700000001,-3.74922,GPE,,139
404,Guardia Real,42.3703863,-71.1130668,FAC,,140
1028,crescent moon,37.0456898,-112.5266315,LOC,,141
271,Caribbean,21.4691137,-78.6568942,LOC,,142
1190,Ávila,40.656685,-4.6812086,GPE,,143
1191,Ávila,40.656685,-4.6812086,GPE,,144
134,BUDAPEST,47.497912,19.040235,GPE,,145
407,Guggenheim,40.7829796,-73.9589706,GPE,,146
725,Montserrat,16.742498,-62.187366,GPE,,147
1137,the United Arab Emirates,23.424076,53.847818,GPE,,148
329,Emirates,33.9432419,-118.4085359,GPE,,149
350,Eros,29.6652083,-95.215302,GPE,,150
966,Stonehenge,30.07215799999999,-99.2485571,GPE,".” On the ceiling flashed images of Stonehenge, the Sumerian cuneiform tablets, and the Great Pyramids of Egypt",151
1085,the Great Pyramids,29.9792345,31.1342019,LOC,,152
312,Egypt,26.820553,30.802498,GPE,,153
1134,the Sistine Chapel,41.9029468,12.4544835,FAC,,154
1108,the Red Sea,20.280232,38.512573,LOC,,155
977,The Grishneshwar Temple,20.0248456,75.16987189999999,FAC,,156
1192,Ávila,40.656685,-4.6812086,GPE,,157
1193,Ávila,40.656685,-4.6812086,GPE,,158
1194,Ávila,40.656685,-4.6812086,GPE,,159
1195,Ávila,40.656685,-4.6812086,GPE,,160
1196,Ávila,40.656685,-4.6812086,GPE,,161
1197,Ávila,40.656685,-4.6812086,GPE,,162
1198,Ávila,40.656685,-4.6812086,GPE,,163
1199,Ávila,40.656685,-4.6812086,GPE,,164
6,Ambra,38.5803277,-90.2797659,GPE,,165
2,Almudena Cathedral,40.415651,-3.714552,FAC,,166
784,Royal Palace,42.9657502,-71.44927229999999,FAC,,167
857,Spain,40.46366700000001,-3.74922,GPE,,168
858,Spain,40.46366700000001,-3.74922,GPE,,169
859,Spain,40.46366700000001,-3.74922,GPE,,170
860,Spain,40.46366700000001,-3.74922,GPE,,171
726,Montserrat,16.742498,-62.187366,GPE,,172
135,Baghdad,33.315241,44.3660671,GPE,,173
136,Baghdad,33.315241,44.3660671,GPE,,174
1031,earth,37.2321077,-95.7243335,LOC,,175
641,Kitalpha,38.0111428,-84.5510068,FAC,,176
1032,earth,37.2321077,-95.7243335,LOC,,177
137,Baghdad,33.315241,44.3660671,GPE,,178
715,Middle Eastern,29.2985278,42.5509603,LOC,,179
138,Baghdad,33.315241,44.3660671,GPE,,180
861,Spain,40.46366700000001,-3.74922,GPE,,181
972,Texas,31.9685988,-99.9018131,GPE,,182
117,America,37.09024,-95.712891,GPE,,183
973,Texas,31.9685988,-99.9018131,GPE,,184
118,America,37.09024,-95.712891,GPE,,185
974,Texas,31.9685988,-99.9018131,GPE,,186
1033,earth,37.2321077,-95.7243335,LOC,,187
1109,the River of Scientific Knowledge,40.7813241,-73.9739882,LOC,,188
1135,the Space Shuttle,34.0162494,-118.2873699,FAC,,189
7,Ambra,38.5803277,-90.2797659,GPE,,190
8,Ambra,38.5803277,-90.2797659,GPE,,191
377,Guardia,39.4652901,15.9998557,FAC,,192
1200,Ávila,40.656685,-4.6812086,GPE,,193
1201,Ávila,40.656685,-4.6812086,GPE,"As Ávila’s car sped northwest along the meandering Nervión River and disappeared among the fast-moving cars on the Avenida Abandoibarra, Admiral Ávila finally permitted himself to exhale",194
739,Nervión River,25.8672778,-80.34165139999999,LOC,,195
1065,the Avenida Abandoibarra,43.268885,-2.9382012,FAC,,196
216,Bilbao,43.2630126,-2.9349852,GPE,,197
657,MADRID,40.4167754,-3.7037902,GPE, CHAPTER22 MADRID’S PALACIO REALis Europe’s largest royal palace as well as one of its most stunning architectural fusions of Classical and Baroque styles,198
745,PALACIO,41.700099,-83.6488,FAC,,199
353,Europe,54.5259614,15.2551187,LOC,,200
759,Plaza de la,34.0670078,-118.2030278,FAC,,201
746,Palacio de la Zarzuela,40.4832532,-3.8016262,FAC,,202
664,Madrid,40.4167754,-3.7037902,GPE,"In recent months, however, Madrid’s formal palace had become the permanent home for Crown Prince Julián—the forty-two-year-old future king of Spain—who had moved into the palace at the behest of his handlers, who wanted Julián to “be more visible to the country” during this somber period prior to his eventual coronation",203
862,Spain,40.46366700000001,-3.74922,GPE,,204
448,Julián,33.0786552,-116.6019637,GPE,,205
449,Julián,33.0786552,-116.6019637,GPE,,206
988,UK,55.378051,-3.435973,GPE,,207
450,Julián,33.0786552,-116.6019637,GPE,,208
863,Spain,40.46366700000001,-3.74922,GPE,,209
864,Spain,40.46366700000001,-3.74922,GPE,,210
865,Spain,40.46366700000001,-3.74922,GPE,,211
451,Julián,33.0786552,-116.6019637,GPE,,212
452,Julián,33.0786552,-116.6019637,GPE,,213
453,Julián,33.0786552,-116.6019637,GPE,,214
454,Julián,33.0786552,-116.6019637,GPE,,215
455,Julián,33.0786552,-116.6019637,GPE,,216
866,Spain,40.46366700000001,-3.74922,GPE,,217
456,Julián,33.0786552,-116.6019637,GPE,,218
217,Bilbao,43.2630126,-2.9349852,GPE,,219
867,Spain,40.46366700000001,-3.74922,GPE,,220
868,Spain,40.46366700000001,-3.74922,GPE,,221
869,Spain,40.46366700000001,-3.74922,GPE,,222
9,Ambra,38.5803277,-90.2797659,GPE,,223
457,Julián,33.0786552,-116.6019637,GPE,,224
218,Bilbao,43.2630126,-2.9349852,GPE,,225
458,Julián,33.0786552,-116.6019637,GPE,,226
459,Julián,33.0786552,-116.6019637,GPE,,227
1087,the Guardia Real,40.5225894,-3.7772348,FAC,,228
826,Seville,37.3890924,-5.9844589,GPE,,229
10,Ambra,38.5803277,-90.2797659,GPE,,230
11,Ambra,38.5803277,-90.2797659,GPE,,231
870,Spain,40.46366700000001,-3.74922,GPE,,232
665,Madrid,40.4167754,-3.7037902,GPE,,233
785,Royal Palace,42.9657502,-71.44927229999999,FAC,,234
666,Madrid,40.4167754,-3.7037902,GPE," CHAPTER24 TWO HUNDRED YARDSfrom Madrid’s Royal Palace, inside Almudena Cathedral, Bishop Valdespino had momentarily stopped breathing",235
786,Royal Palace,42.9657502,-71.44927229999999,FAC,,236
3,Almudena Cathedral,40.415651,-3.714552,FAC,,237
219,Bilbao,43.2630126,-2.9349852,GPE,,238
253,Budapest,47.497912,19.040235,GPE,,239
667,Madrid,40.4167754,-3.7037902,GPE,,240
668,Madrid,40.4167754,-3.7037902,GPE,,241
669,Madrid,40.4167754,-3.7037902,GPE,,242
670,Madrid,40.4167754,-3.7037902,GPE,,243
1110,the Royal Palace,42.9657502,-71.44927229999999,FAC,,244
428,Hercules,36.7075606,-92.8729505,GPE,,245
871,Spain,40.46366700000001,-3.74922,GPE,,246
747,Palacio de la Zarzuela,40.4832532,-3.8016262,GPE,,247
992,Valdespino,25.737361,-80.2373309,GPE,,248
12,Ambra,38.5803277,-90.2797659,GPE,,249
13,Ambra,38.5803277,-90.2797659,GPE,,250
770,Rome,41.9027835,12.4963655,GPE,,251
220,Bilbao,43.2630126,-2.9349852,GPE,,252
264,Calle de Bailén,40.4167268,-3.7133311,FAC,,253
1202,Ávila,40.656685,-4.6812086,GPE,,254
14,Ambra,38.5803277,-90.2797659,GPE,,255
1111,the Royal Palace,42.9657502,-71.44927229999999,FAC,,256
671,Madrid,40.4167754,-3.7037902,GPE,,257
872,Spain,40.46366700000001,-3.74922,GPE,,258
15,Ambra,38.5803277,-90.2797659,GPE,,259
994,Vatican,41.902916,12.453389,GPE,".” With the election of the most liberal pontiff in Vatican history, thousands of people around the globe were showing their support for the pope’s new policies by displaying the triple cross, even in Langdon’s hometown of Cambridge, Massachusetts",260
268,Cambridge,52.2042666,0.1149085,GPE,,261
713,Massachusetts,42.4072107,-71.3824374,GPE,,262
873,Spain,40.46366700000001,-3.74922,GPE,,263
378,Guardia,39.4652901,15.9998557,FAC,"Besides, it seemed far better that the Guardia assist in the manhunt than waste their skills transporting Ambra to Madrid",264
16,Ambra,38.5803277,-90.2797659,GPE,,265
672,Madrid,40.4167754,-3.7037902,GPE,,266
1017,Winston,32.8956509,-96.8107349,GPE,,267
1034,earth,37.2321077,-95.7243335,LOC,,268
1091,the Guggenheim Museum,40.7829796,-73.9589706,FAC,,269
125,Automatizada,28.4170578,-106.8525989,GPE,,270
673,Madrid,40.4167754,-3.7037902,GPE,,271
674,Madrid,40.4167754,-3.7037902,GPE,,272
1203,Ávila,40.656685,-4.6812086,GPE,,273
874,Spain,40.46366700000001,-3.74922,GPE,,274
875,Spain,40.46366700000001,-3.74922,GPE,,275
143,Barcelona,36.0881056,-95.9241306,GPE,,276
17,Ambra,38.5803277,-90.2797659,GPE,,277
18,Ambra,38.5803277,-90.2797659,GPE,,278
19,Ambra,38.5803277,-90.2797659,GPE,,279
361,Gaudí,31.7093355,-106.4347439,GPE,,280
20,Ambra,38.5803277,-90.2797659,GPE,,281
876,Spain,40.46366700000001,-3.74922,GPE,,282
379,Guardia,39.4652901,15.9998557,FAC,,283
21,Ambra,38.5803277,-90.2797659,GPE,,284
1018,Winston,32.8956509,-96.8107349,FAC,,285
144,Barcelona,36.0881056,-95.9241306,GPE,,286
145,Barcelona,36.0881056,-95.9241306,GPE,,287
1112,the Royal Palace,42.9657502,-71.44927229999999,FAC,,288
675,Madrid,40.4167754,-3.7037902,GPE,,289
380,Guardia,39.4652901,15.9998557,FAC,,290
676,Madrid,40.4167754,-3.7037902,GPE,,291
877,Spain,40.46366700000001,-3.74922,GPE,,292
221,Bilbao,43.2630126,-2.9349852,GPE,,293
22,Ambra,38.5803277,-90.2797659,GPE,,294
647,La Salve Bridge,43.2693833,-2.9317882,FAC,,295
222,Bilbao,43.2630126,-2.9349852,GPE," CHAPTER29 MILES TO THEsouth, on the outskirts of Bilbao, an Uber sedan raced south along Highway AP-68 en route toward Madrid",296
429,Highway AP-68,42.3368688,-2.0212292,FAC,,297
677,Madrid,40.4167754,-3.7037902,GPE,,298
1204,Ávila,40.656685,-4.6812086,GPE,,299
1205,Ávila,40.656685,-4.6812086,GPE,,300
1206,Ávila,40.656685,-4.6812086,GPE,,301
1207,Ávila,40.656685,-4.6812086,GPE,,302
1208,Ávila,40.656685,-4.6812086,GPE,,303
1209,Ávila,40.656685,-4.6812086,GPE,,304
678,Madrid,40.4167754,-3.7037902,GPE,,305
354,Europe,54.5259614,15.2551187,LOC,,306
1210,Ávila,40.656685,-4.6812086,GPE,,307
1211,Ávila,40.656685,-4.6812086,GPE,,308
995,Vatican,41.902916,12.453389,FAC,,309
1212,Ávila,40.656685,-4.6812086,GPE,,310
797,SPAIN,40.46366700000001,-3.74922,GPE,,311
381,Guardia,39.4652901,15.9998557,FAC,,312
878,Spain,40.46366700000001,-3.74922,GPE,,313
1105,the Palacio de la Zarzuela,40.4832532,-3.8016262,FAC,,314
879,Spain,40.46366700000001,-3.74922,GPE,,315
880,Spain,40.46366700000001,-3.74922,GPE,,316
881,Spain,40.46366700000001,-3.74922,GPE,,317
223,Bilbao,43.2630126,-2.9349852,GPE,,318
460,Julián,33.0786552,-116.6019637,GPE,,319
224,Bilbao,43.2630126,-2.9349852,GPE,,320
461,Julián,33.0786552,-116.6019637,GPE,,321
462,Julián,33.0786552,-116.6019637,GPE,,322
23,Ambra,38.5803277,-90.2797659,GPE,,323
463,Julián,33.0786552,-116.6019637,GPE,,324
464,Julián,33.0786552,-116.6019637,GPE,,325
465,Julián,33.0786552,-116.6019637,GPE,,326
466,Julián,33.0786552,-116.6019637,GPE,,327
467,Julián,33.0786552,-116.6019637,GPE,,328
468,Julián,33.0786552,-116.6019637,GPE,,329
882,Spain,40.46366700000001,-3.74922,GPE,,330
254,Budapest,47.497912,19.040235,GPE,,331
290,Danube,46.3108097,18.9257117,GPE,,332
306,East,39.0185336,-94.2792411,LOC,,333
1014,West,37.6740123,-97.34798939999999,LOC,,334
375,Gresham Palace,47.4996722,19.0480417,FAC,,335
250,Buda,30.0817231,-97.8428927,GPE,"To the west, in Buda, high atop Castle Hill, rose the fortified walls of Buda Castle",336
281,Castle Hill,28.5440946,-81.6842813,FAC,,337
251,Buda Castle,47.4962048,19.0395666,FAC,,338
291,Danube,46.3108097,18.9257117,GPE,,339
437,Hungary,47.162494,19.5033041,GPE,,340
679,Madrid,40.4167754,-3.7037902,GPE,,341
727,Montserrat,16.742498,-62.187366,GPE,,342
645,LA SALVE  Bridge,43.2693833,-2.9317882,FAC,.”  CHAPTER32 BILBAO’S LA SALVEBridge crosses the Nervión River in such close proximity to the Guggenheim Museum that the two structures often have the appearance of being fused into one,343
1100,the Nervión River,25.8672778,-80.34165139999999,LOC,,344
1092,the Guggenheim Museum,40.7829796,-73.9589706,FAC,,345
24,Ambra,38.5803277,-90.2797659,GPE,,346
883,Spain,40.46366700000001,-3.74922,GPE,,347
1213,Ávila,40.656685,-4.6812086,GPE,,348
469,Julián,33.0786552,-116.6019637,GPE,,349
470,Julián,33.0786552,-116.6019637,GPE,,350
471,Julián,33.0786552,-116.6019637,GPE,,351
472,Julián,33.0786552,-116.6019637,GPE,,352
1101,the Nervión River,25.8672778,-80.34165139999999,LOC,,353
408,Guggenheim,40.7829796,-73.9589706,FAC,,354
351,España,40.46366700000001,-3.74922,LOC,,355
238,Bilbao Airport,43.302494,-2.911116,FAC,,356
25,Ambra,38.5803277,-90.2797659,GPE,,357
473,Julián,33.0786552,-116.6019637,GPE,,358
474,Julián,33.0786552,-116.6019637,GPE,"Having materialized like a specter in the darkness of Julián’s apartment, Valdespino was adorned in full ecclesiastical vestments and was now giving an impassioned sermon to Julián about the importance of Spain’s traditions, the devoted religiosity of past kings and queens, and the comforting influence of the Church in times of crisis",359
475,Julián,33.0786552,-116.6019637,GPE,,360
884,Spain,40.46366700000001,-3.74922,GPE,,361
225,Bilbao,43.2630126,-2.9349852,GPE,,362
680,Madrid,40.4167754,-3.7037902,GPE,,363
226,Bilbao,43.2630126,-2.9349852,GPE,,364
681,Madrid,40.4167754,-3.7037902,GPE,,365
208,Beijing,39.90419989999999,116.4073963,GPE,,366
885,Spain,40.46366700000001,-3.74922,GPE,,367
227,Bilbao,43.2630126,-2.9349852,GPE,,368
1214,Ávila,40.656685,-4.6812086,GPE,,369
1215,Ávila,40.656685,-4.6812086,GPE,,370
728,Montserrat,16.742498,-62.187366,GPE,,371
476,Julián,33.0786552,-116.6019637,GPE,,372
477,Julián,33.0786552,-116.6019637,GPE,,373
478,Julián,33.0786552,-116.6019637,GPE,,374
26,Ambra,38.5803277,-90.2797659,GPE,,375
787,Royal Palace,42.9657502,-71.44927229999999,FAC,,376
682,Madrid,40.4167754,-3.7037902,GPE,,377
479,Julián,33.0786552,-116.6019637,GPE,,378
228,Bilbao,43.2630126,-2.9349852,GPE,,379
480,Julián,33.0786552,-116.6019637,GPE,,380
481,Julián,33.0786552,-116.6019637,GPE,,381
27,Ambra,38.5803277,-90.2797659,GPE,,382
1113,the Royal Palace,42.9657502,-71.44927229999999,FAC,,383
482,Julián,33.0786552,-116.6019637,GPE,,384
483,Julián,33.0786552,-116.6019637,GPE,,385
1102,the Nervión River,25.8672778,-80.34165139999999,LOC,,386
28,Ambra,38.5803277,-90.2797659,GPE,,387
1114,the Royal Palace,42.9657502,-71.44927229999999,FAC,,388
683,Madrid,40.4167754,-3.7037902,GPE,,389
484,Julián,33.0786552,-116.6019637,GPE,,390
485,Julián,33.0786552,-116.6019637,GPE,,391
486,Julián,33.0786552,-116.6019637,GPE,,392
886,Spain,40.46366700000001,-3.74922,GPE,,393
382,Guardia,39.4652901,15.9998557,FAC,,394
29,Ambra,38.5803277,-90.2797659,GPE,,395
409,Guggenheim,40.7829796,-73.9589706,FAC,,396
383,Guardia,39.4652901,15.9998557,FAC,,397
229,Bilbao,43.2630126,-2.9349852,GPE,,398
30,Ambra,38.5803277,-90.2797659,GPE,,399
887,Spain,40.46366700000001,-3.74922,GPE,,400
1115,the Royal Palace,42.9657502,-71.44927229999999,FAC,,401
31,Ambra,38.5803277,-90.2797659,GPE,,402
1103,the Nervión River,25.8672778,-80.34165139999999,LOC,,403
1216,Ávila,40.656685,-4.6812086,GPE,,404
1217,Ávila,40.656685,-4.6812086,GPE,,405
146,Barcelona,36.0881056,-95.9241306,GPE,,406
147,Barcelona,36.0881056,-95.9241306,GPE,,407
684,Madrid,40.4167754,-3.7037902,GPE,,408
148,Barcelona,36.0881056,-95.9241306,GPE,,409
149,Barcelona,36.0881056,-95.9241306,GPE,,410
1218,Ávila,40.656685,-4.6812086,GPE,,411
150,Barcelona,36.0881056,-95.9241306,GPE,,412
685,Madrid,40.4167754,-3.7037902,GPE,,413
1219,Ávila,40.656685,-4.6812086,GPE,,414
151,Barcelona,36.0881056,-95.9241306,GPE,,415
751,Pamplona,42.812526,-1.6457745,GPE,"The only other vehicles on the road at this hour were thundering tractor trailers, all racing to complete their runs to Pamplona, to Huesca, to Lleida, and finally to one of the largest port cities on the Mediterranean Sea—Barcelona",416
435,Huesca,42.131845,-0.4078058,GPE,"The only other vehicles on the road at this hour were thundering tractor trailers, all racing to complete their runs to Pamplona, to Huesca, to Lleida, and finally to one of the largest port cities on the Mediterranean Sea—Barcelona",417
651,Lleida,41.6175899,0.6200146,GPE,"The only other vehicles on the road at this hour were thundering tractor trailers, all racing to complete their runs to Pamplona, to Huesca, to Lleida, and finally to one of the largest port cities on the Mediterranean Sea—Barcelona",418
1098,the Mediterranean Sea,34.5531284,18.0480105,LOC,,419
152,Barcelona,36.0881056,-95.9241306,GPE,,420
1220,Ávila,40.656685,-4.6812086,GPE,,421
1221,Ávila,40.656685,-4.6812086,GPE,,422
1077,the Cathedral of Seville,37.3858247,-5.9931068,FAC,,423
1222,Ávila,40.656685,-4.6812086,GPE,,424
1223,Ávila,40.656685,-4.6812086,GPE,,425
1224,Ávila,40.656685,-4.6812086,GPE,,426
1225,Ávila,40.656685,-4.6812086,GPE,,427
648,La hora más oscura es justo antes del amanecer,,,FAC,,428
1226,Ávila,40.656685,-4.6812086,GPE,,429
1227,Ávila,40.656685,-4.6812086,GPE,,430
1228,Ávila,40.656685,-4.6812086,GPE,,431
836,Seville’s Hospital Provincial de San Lázaro,37.41446,-5.9828831,FAC,,432
1229,Ávila,40.656685,-4.6812086,GPE,,433
120,Andaluz,29.1380504,-110.9527999,GPE,,434
1230,Ávila,40.656685,-4.6812086,GPE,,435
1231,Ávila,40.656685,-4.6812086,GPE,,436
1232,Ávila,40.656685,-4.6812086,GPE,,437
1233,Ávila,40.656685,-4.6812086,GPE,,438
1234,Ávila,40.656685,-4.6812086,GPE,,439
1235,Ávila,40.656685,-4.6812086,GPE,,440
827,Seville,37.3890924,-5.9844589,GPE,,441
1236,Ávila,40.656685,-4.6812086,GPE,,442
1237,Ávila,40.656685,-4.6812086,GPE,,443
1238,Ávila,40.656685,-4.6812086,GPE,,444
828,Seville,37.3890924,-5.9844589,GPE,,445
686,Madrid,40.4167754,-3.7037902,GPE,,446
1239,Ávila,40.656685,-4.6812086,GPE,,447
1240,Ávila,40.656685,-4.6812086,GPE,,448
1241,Ávila,40.656685,-4.6812086,GPE,,449
1242,Ávila,40.656685,-4.6812086,GPE,,450
888,Spain,40.46366700000001,-3.74922,GPE,,451
369,Germany,51.165691,10.451526,GPE,,452
444,Italy,41.87194,12.56738,GPE,,453
889,Spain,40.46366700000001,-3.74922,GPE,,454
890,Spain,40.46366700000001,-3.74922,GPE,,455
891,Spain,40.46366700000001,-3.74922,GPE,,456
892,Spain,40.46366700000001,-3.74922,GPE,,457
893,Spain,40.46366700000001,-3.74922,GPE,,458
894,Spain,40.46366700000001,-3.74922,GPE,,459
1116,the Royal Palace,42.9657502,-71.44927229999999,FAC,,460
895,Spain,40.46366700000001,-3.74922,GPE,,461
896,Spain,40.46366700000001,-3.74922,GPE,,462
122,Austria,47.516231,14.550072,GPE,,463
438,Hungary,47.162494,19.5033041,GPE,,464
487,Julián,33.0786552,-116.6019637,GPE,,465
1117,the Royal Palace,42.9657502,-71.44927229999999,FAC,,466
1118,the Royal Palace,42.9657502,-71.44927229999999,FAC,,467
255,Budapest,47.497912,19.040235,GPE,,468
239,Bilbao Airport,43.302494,-2.911116,FAC,,469
153,Barcelona,36.0881056,-95.9241306,GPE,,470
154,Barcelona,36.0881056,-95.9241306,GPE,,471
767,Puerto Bidea,43.2983222,-2.9427569,GPE,,472
796,Río Asua,43.2865045,-2.8870906,LOC,,473
240,Bilbao Airport,43.302494,-2.911116,FAC,,474
897,Spain,40.46366700000001,-3.74922,GPE,,475
32,Ambra,38.5803277,-90.2797659,GPE,,476
33,Ambra,38.5803277,-90.2797659,GPE,,477
155,Barcelona,36.0881056,-95.9241306,GPE,,478
975,The Dohány Street Synagogue,47.4959071,19.0606139,FAC,,479
256,Budapest,47.497912,19.040235,GPE,,480
642,Kossuth Lajos Street,47.4943981,19.0600549,LOC,,481
687,Madrid,40.4167754,-3.7037902,GPE,,482
643,Köves,45.051454,-92.9869709,LOC,,483
1081,the Dohány Street,47.4977584,19.0686969,FAC,,484
297,Dohány Street,47.4977584,19.0686969,FAC,,485
257,Budapest,47.497912,19.040235,GPE,,486
355,Europe,54.5259614,15.2551187,LOC,,487
644,Köves,45.051454,-92.9869709,LOC,,488
488,Julián,33.0786552,-116.6019637,GPE,,489
489,Julián,33.0786552,-116.6019637,GPE,,490
1119,the Royal Palace,42.9657502,-71.44927229999999,FAC,,491
410,Guggenheim,40.7829796,-73.9589706,FAC,,492
1120,the Royal Palace,42.9657502,-71.44927229999999,FAC,,493
898,Spain,40.46366700000001,-3.74922,GPE,,494
721,Monte,43.87910249999999,-103.4590667,GPE,,495
34,Ambra,38.5803277,-90.2797659,GPE,,496
490,Julián,33.0786552,-116.6019637,GPE,,497
899,Spain,40.46366700000001,-3.74922,GPE,,498
722,Montrose,38.4783198,-107.8761738,GPE,,499
302,Dublin,53.3498053,-6.2603097,GPE,,500
247,Boston,42.3600825,-71.0588801,GPE,,501
1035,earth,37.2321077,-95.7243335,LOC,,502
1074,the Big Bang,36.163687,-86.775784,LOC,,503
156,Barcelona,36.0881056,-95.9241306,GPE,,504
841,Silk Road,36.17562789999999,-94.15896889999999,FAC,,505
258,Budapest,47.497912,19.040235,GPE,,506
638,Kazinczy Street,47.4979778,19.0627859,FAC,,507
639,Kazinczy Street,47.4979778,19.0627859,FAC,,508
139,Bar Szimpla,47.4970039,19.0633598,FAC,,509
259,Budapest,47.497912,19.040235,GPE,,510
1069,the Bar Szimpla,47.4970039,19.0633598,LOC,,511
439,Hungary,47.162494,19.5033041,GPE,,512
140,Bar Szimpla,47.4970039,19.0633598,GPE,,513
260,Budapest,47.497912,19.040235,GPE,,514
491,Julián,33.0786552,-116.6019637,GPE,,515
492,Julián,33.0786552,-116.6019637,GPE,,516
493,Julián,33.0786552,-116.6019637,GPE,,517
688,Madrid,40.4167754,-3.7037902,GPE,,518
900,Spain,40.46366700000001,-3.74922,GPE,,519
360,Galicia,42.5750554,-8.1338558,GPE,,520
901,Spain,40.46366700000001,-3.74922,GPE,,521
35,Ambra,38.5803277,-90.2797659,GPE,,522
494,Julián,33.0786552,-116.6019637,GPE,,523
902,Spain,40.46366700000001,-3.74922,GPE,,524
765,Prado,35.2564201,-120.6719665,FAC,,525
689,Madrid,40.4167754,-3.7037902,GPE,"Then again, the man grew up in Madrid’s Royal Palace, which possessed one of Spain’s finest collections; he’d probably had an original El Greco hanging in his nursery",526
788,Royal Palace,42.9657502,-71.44927229999999,FAC,"Then again, the man grew up in Madrid’s Royal Palace, which possessed one of Spain’s finest collections; he’d probably had an original El Greco hanging in his nursery",527
903,Spain,40.46366700000001,-3.74922,GPE,,528
320,El Greco,43.1129389,-88.0269459,FAC,,529
1138,the Universidad de Salamanca,40.9613376,-5.666925099999999,FAC,,530
230,Bilbao,43.2630126,-2.9349852,GPE,,531
36,Ambra,38.5803277,-90.2797659,GPE,,532
1121,the Royal Palace,42.9657502,-71.44927229999999,FAC,,533
231,Bilbao,43.2630126,-2.9349852,GPE,,534
232,Bilbao,43.2630126,-2.9349852,GPE,,535
495,Julián,33.0786552,-116.6019637,GPE,,536
496,Julián,33.0786552,-116.6019637,GPE,,537
37,Ambra,38.5803277,-90.2797659,GPE,,538
38,Ambra,38.5803277,-90.2797659,GPE,,539
497,Julián,33.0786552,-116.6019637,GPE,,540
39,Ambra,38.5803277,-90.2797659,GPE,,541
40,Ambra,38.5803277,-90.2797659,GPE,,542
41,Ambra,38.5803277,-90.2797659,GPE,"One sunny morning, three weeks ago, Ambra was in Madrid, where she was scheduled to appear in a segment of a morning TV show about the Guggenheim’s upcoming exhibits",543
690,Madrid,40.4167754,-3.7037902,GPE,,544
411,Guggenheim,40.7829796,-73.9589706,FAC,,545
42,Ambra,38.5803277,-90.2797659,GPE,,546
498,Julián,33.0786552,-116.6019637,GPE,"The night before the show, she and Julián met for a deliciously casual dinner at Trattoria Malatesta and then slipped quietly through El Parque del Retiro",547
984,Trattoria Malatesta,40.732848,-74.0084337,FAC,,548
324,El Parque del Retiro,40.4152606,-3.6844995,FAC,,549
43,Ambra,38.5803277,-90.2797659,GPE,,550
499,Julián,33.0786552,-116.6019637,GPE,,551
44,Ambra,38.5803277,-90.2797659,GPE,,552
500,Julián,33.0786552,-116.6019637,GPE,,553
45,Ambra,38.5803277,-90.2797659,GPE,,554
501,Julián,33.0786552,-116.6019637,GPE,,555
46,Ambra,38.5803277,-90.2797659,GPE,,556
47,Ambra,38.5803277,-90.2797659,GPE,,557
904,Spain,40.46366700000001,-3.74922,GPE,,558
502,Julián,33.0786552,-116.6019637,GPE,,559
503,Julián,33.0786552,-116.6019637,GPE,,560
504,Julián,33.0786552,-116.6019637,GPE,,561
505,Julián,33.0786552,-116.6019637,GPE,,562
48,Ambra,38.5803277,-90.2797659,GPE,,563
506,Julián,33.0786552,-116.6019637,GPE,,564
49,Ambra,38.5803277,-90.2797659,GPE,,565
507,Julián,33.0786552,-116.6019637,GPE,,566
508,Julián,33.0786552,-116.6019637,GPE,,567
509,Julián,33.0786552,-116.6019637,GPE,,568
1122,the Royal Palace,42.9657502,-71.44927229999999,FAC,,569
384,Guardia,39.4652901,15.9998557,FAC,,570
1088,the Guardia Real,40.5225894,-3.7772348,FAC,,571
905,Spain,40.46366700000001,-3.74922,GPE,,572
906,Spain,40.46366700000001,-3.74922,GPE,,573
1133,the Second Republic,36.8074085,-119.7712737,GPE,,574
907,Spain,40.46366700000001,-3.74922,GPE,,575
510,Julián,33.0786552,-116.6019637,GPE,,576
233,Bilbao,43.2630126,-2.9349852,GPE,,577
1123,the Royal Palace,42.9657502,-71.44927229999999,FAC,,578
908,Spain,40.46366700000001,-3.74922,GPE,,579
993,Valdespino,25.737361,-80.2373309,GPE,,580
307,East garden,34.3012458,-78.7248611,LOC,,581
511,Julián,33.0786552,-116.6019637,GPE,"As she anticipated, Valdespino and Julián arrived at the southern service entrance of Almudena Cathedral, where the bishop unlocked the door and ushered Prince Julián inside",582
4,Almudena Cathedral,40.415651,-3.714552,FAC,,583
512,Julián,33.0786552,-116.6019637,GPE,,584
1093,the Guggenheim Museum,40.7829796,-73.9589706,FAC,,585
909,Spain,40.46366700000001,-3.74922,GPE,,586
1124,the Royal Palace,42.9657502,-71.44927229999999,FAC,,587
241,Bilbao Airport,43.302494,-2.911116,FAC,,588
157,Barcelona,36.0881056,-95.9241306,GPE,,589
242,Bilbao Airport,43.302494,-2.911116,FAC,,590
158,Barcelona,36.0881056,-95.9241306,GPE,,591
513,Julián,33.0786552,-116.6019637,GPE,,592
514,Julián,33.0786552,-116.6019637,GPE,,593
50,Ambra,38.5803277,-90.2797659,GPE,,594
910,Spain,40.46366700000001,-3.74922,GPE,,595
234,Bilbao,43.2630126,-2.9349852,GPE,,596
159,Barcelona,36.0881056,-95.9241306,GPE,,597
51,Ambra,38.5803277,-90.2797659,GPE,,598
301,Dubai,25.2048493,55.2707828,GPE,,599
261,Budapest,47.497912,19.040235,GPE,,600
800,Sabadell Airport,41.5211384,2.1016222,FAC,"  When the Gulfstream G550 touched down onto the lone runway at Sabadell Airport in the foothills of Barcelona, Ambra was relieved to see no signs of waiting paparazzi or press",601
160,Barcelona,36.0881056,-95.9241306,GPE,,602
52,Ambra,38.5803277,-90.2797659,GPE,,603
161,Barcelona,36.0881056,-95.9241306,GPE,"According to Edmond, in order to avoid dealing with starstruck fans at Barcelona’s El-Prat Airport, he chose to keep his plane at this small jetport",604
327,El-Prat Airport,41.297445,2.0832941,FAC,,605
1058,jetport,43.6464785,-70.30969739999999,FAC,,606
799,Sabadell,32.5212736,-117.0075461,GPE,,607
53,Ambra,38.5803277,-90.2797659,GPE,,608
54,Ambra,38.5803277,-90.2797659,GPE,,609
304,EARTH,37.2321077,-95.7243335,LOC,,610
162,Barcelona,36.0881056,-95.9241306,GPE,,611
829,Seville,37.3890924,-5.9844589,GPE,,612
830,Seville,37.3890924,-5.9844589,GPE,,613
771,Rome,41.9027835,12.4963655,GPE,,614
911,Spain,40.46366700000001,-3.74922,GPE,,615
1243,Ávila,40.656685,-4.6812086,GPE,,616
912,Spain,40.46366700000001,-3.74922,GPE,,617
1244,Ávila,40.656685,-4.6812086,GPE,,618
1245,Ávila,40.656685,-4.6812086,GPE,,619
1246,Ávila,40.656685,-4.6812086,GPE,,620
126,Avenida de la Raza,31.7298279,-106.4447158,FAC,,621
433,Highway N-IV,35.220305,-93.16668600000001,FAC,,622
1247,Ávila,40.656685,-4.6812086,GPE,,623
1248,Ávila,40.656685,-4.6812086,GPE,,624
326,El Torbiscal,37.0842999,-5.8568162,GPE,,625
1249,Ávila,40.656685,-4.6812086,GPE,,626
1250,Ávila,40.656685,-4.6812086,GPE,,627
1251,Ávila,40.656685,-4.6812086,GPE,,628
691,Madrid,40.4167754,-3.7037902,GPE,,629
752,Paris,48.856614,2.3522219,GPE,,630
1252,Ávila,40.656685,-4.6812086,GPE,,631
831,Seville,37.3890924,-5.9844589,GPE,,632
1253,Ávila,40.656685,-4.6812086,GPE,,633
1010,Vatican City,41.902916,12.453389,GPE,,634
1254,Ávila,40.656685,-4.6812086,GPE,,635
1255,Ávila,40.656685,-4.6812086,GPE,,636
1027,bell tower,42.6993026,-73.1382369,FAC,,637
1256,Ávila,40.656685,-4.6812086,GPE,,638
772,Rome,41.9027835,12.4963655,GPE,,639
1257,Ávila,40.656685,-4.6812086,GPE,,640
913,Spain,40.46366700000001,-3.74922,GPE,,641
270,Canal Sur,45.4913732,-73.5583623,FAC,,642
1258,Ávila,40.656685,-4.6812086,GPE,,643
773,Rome,41.9027835,12.4963655,GPE,,644
996,Vatican,41.902916,12.453389,FAC,,645
962,St. Peter’s,38.7874699,-90.6298922,GPE,,646
308,Easter,36.2680914,-95.7372468,LOC,,647
1259,Ávila,40.656685,-4.6812086,GPE,,648
442,Ireland,53.1423672,-7.692053599999999,GPE,,649
1260,Ávila,40.656685,-4.6812086,GPE,,650
997,Vatican,41.902916,12.453389,FAC,,651
774,Rome,41.9027835,12.4963655,GPE,,652
998,Vatican,41.902916,12.453389,FAC,,653
999,Vatican,41.902916,12.453389,FAC,,654
914,Spain,40.46366700000001,-3.74922,GPE,,655
775,Rome,41.9027835,12.4963655,GPE,,656
1261,Ávila,40.656685,-4.6812086,GPE,,657
1262,Ávila,40.656685,-4.6812086,GPE,,658
1000,Vatican,41.902916,12.453389,FAC,,659
1263,Ávila,40.656685,-4.6812086,GPE,,660
1264,Ávila,40.656685,-4.6812086,GPE,,661
1265,Ávila,40.656685,-4.6812086,GPE,,662
1266,Ávila,40.656685,-4.6812086,GPE,,663
1267,Ávila,40.656685,-4.6812086,GPE,,664
163,Barcelona,36.0881056,-95.9241306,GPE,,665
55,Ambra,38.5803277,-90.2797659,GPE,,666
515,Julián,33.0786552,-116.6019637,GPE,,667
1125,the Royal Palace,42.9657502,-71.44927229999999,FAC,,668
516,Julián,33.0786552,-116.6019637,GPE,,669
517,Julián,33.0786552,-116.6019637,GPE,,670
1079,the Collserola Mountains,41.412222,2.073889,LOC,Langdon could see that they had wound through the Collserola Mountains and were now merging onto Highway B-20 toward Barcelona,671
430,Highway B-20,41.4171719,2.1386362,FAC,,672
164,Barcelona,36.0881056,-95.9241306,GPE,,673
165,Barcelona,36.0881056,-95.9241306,GPE,,674
166,Barcelona,36.0881056,-95.9241306,GPE,,675
167,Barcelona,36.0881056,-95.9241306,GPE,,676
1036,earth,37.2321077,-95.7243335,LOC,,677
1037,earth,37.2321077,-95.7243335,LOC,,678
915,Spain,40.46366700000001,-3.74922,GPE,,679
916,Spain,40.46366700000001,-3.74922,GPE,,680
917,Spain,40.46366700000001,-3.74922,GPE,,681
362,Gaudí,31.7093355,-106.4347439,GPE,,682
363,Gaudí,31.7093355,-106.4347439,GPE,,683
168,Barcelona,36.0881056,-95.9241306,GPE,,684
275,Casa Milà,41.3952155,2.1619024,FAC,,685
274,Casa,39.051798,-95.667413,GPE,,686
761,Plaza de la Armería,40.4163438,-3.7138092,FAC,,687
918,Spain,40.46366700000001,-3.74922,GPE,,688
758,Peru,-9.189967,-75.015152,GPE,,689
768,Rockefeller Center,40.7587402,-73.9786736,FAC,,690
741,New York City,40.7127753,-74.0059728,GPE,,691
1107,the Rainbow Room,40.758963,-73.979337,FAC,,692
1012,Vermont,44.5588028,-72.57784149999999,GPE,,693
412,Guggenheim,40.7829796,-73.9589706,FAC,,694
1268,Ávila,40.656685,-4.6812086,GPE,,695
413,Guggenheim,40.7829796,-73.9589706,FAC,,696
706,Madrid Royal Palace,40.417955,-3.714311999999999,FAC,,697
414,Guggenheim,40.7829796,-73.9589706,FAC,,698
415,Guggenheim,40.7829796,-73.9589706,FAC,,699
789,Royal Palace,42.9657502,-71.44927229999999,FAC,,700
919,Spain,40.46366700000001,-3.74922,GPE,,701
518,Julián,33.0786552,-116.6019637,GPE,,702
169,Barcelona,36.0881056,-95.9241306,GPE,,703
263,Calle Mayor,33.81207810000001,-118.373127,FAC,,704
273,Carrer de Provença,41.395568,2.1626087,GPE,,705
170,Barcelona,36.0881056,-95.9241306,GPE,,706
754,Passeig de Gràcia 92—is,41.3952144,2.1616748,FAC,,707
920,Spain,40.46366700000001,-3.74922,GPE,,708
171,Barcelona,36.0881056,-95.9241306,GPE,,709
753,Paris,48.856614,2.3522219,GPE,,710
653,Longchamp,32.8690754,-96.7746248,GPE,,711
172,Barcelona,36.0881056,-95.9241306,GPE,,712
173,Barcelona,36.0881056,-95.9241306,GPE,,713
174,Barcelona,36.0881056,-95.9241306,GPE,,714
776,Rome,41.9027835,12.4963655,GPE,,715
276,Casa Milà,41.3952155,2.1619024,FAC,,716
971,Teslas,36.3051201,-95.3197039,FAC,,717
970,Tesla,36.3051201,-95.3197039,FAC,,718
175,Barcelona,36.0881056,-95.9241306,GPE,,719
921,Spain,40.46366700000001,-3.74922,GPE,,720
56,Ambra,38.5803277,-90.2797659,GPE,,721
692,Madrid,40.4167754,-3.7037902,GPE,,722
5,Almudena Cathedral,40.415651,-3.714552,FAC,,723
693,Madrid,40.4167754,-3.7037902,GPE,,724
364,Gaudí,31.7093355,-106.4347439,GPE,,725
277,Casa Milà,41.3952155,2.1619024,FAC,,726
365,Gaudí,31.7093355,-106.4347439,GPE,,727
206,Basílica de la Sagrada Família,41.4036299,2.1743558,FAC,,728
262,Buffalo,42.88644679999999,-78.8783689,GPE,,729
57,Ambra,38.5803277,-90.2797659,GPE,,730
694,Madrid,40.4167754,-3.7037902,GPE,,731
519,Julián,33.0786552,-116.6019637,GPE,,732
520,Julián,33.0786552,-116.6019637,GPE,,733
1269,Ávila,40.656685,-4.6812086,GPE,,734
1126,the Royal Palace,42.9657502,-71.44927229999999,FAC,,735
695,Madrid,40.4167754,-3.7037902,GPE,,736
922,Spain,40.46366700000001,-3.74922,GPE,,737
521,Julián,33.0786552,-116.6019637,GPE,,738
522,Julián,33.0786552,-116.6019637,GPE,,739
523,Julián,33.0786552,-116.6019637,GPE,,740
524,Julián,33.0786552,-116.6019637,GPE,,741
1095,the Holy Grail,33.089957,-96.80475829999999,FAC,,742
58,Ambra,38.5803277,-90.2797659,GPE,,743
59,Ambra,38.5803277,-90.2797659,GPE,,744
176,Barcelona,36.0881056,-95.9241306,GPE,,745
325,El Prat Airport,41.297445,2.0832941,FAC,,746
696,Madrid,40.4167754,-3.7037902,GPE,,747
646,La Casita del Príncipe,40.5844039,-4.1365125,FAC,,748
697,Madrid,40.4167754,-3.7037902,GPE,,749
525,Julián,33.0786552,-116.6019637,GPE,,750
526,Julián,33.0786552,-116.6019637,GPE,,751
385,Guardia,39.4652901,15.9998557,FAC,,752
386,Guardia,39.4652901,15.9998557,FAC,,753
980,The Royal Palace,42.9657502,-71.44927229999999,FAC,,754
387,Guardia,39.4652901,15.9998557,FAC,,755
177,Barcelona,36.0881056,-95.9241306,GPE,,756
60,Ambra,38.5803277,-90.2797659,GPE,,757
61,Ambra,38.5803277,-90.2797659,GPE,,758
798,SPAIN,40.46366700000001,-3.74922,GPE,,759
923,Spain,40.46366700000001,-3.74922,GPE,,760
924,Spain,40.46366700000001,-3.74922,GPE,,761
285,Chicago,41.8781136,-87.6297982,GPE,,762
925,Spain,40.46366700000001,-3.74922,GPE,,763
286,Chicago,41.8781136,-87.6297982,GPE,,764
926,Spain,40.46366700000001,-3.74922,GPE,,765
62,Ambra,38.5803277,-90.2797659,GPE,,766
698,Madrid,40.4167754,-3.7037902,GPE,,767
790,Royal Palace,42.9657502,-71.44927229999999,FAC,,768
178,Barcelona,36.0881056,-95.9241306,GPE,,769
927,Spain,40.46366700000001,-3.74922,GPE,,770
179,Barcelona,36.0881056,-95.9241306,GPE,,771
527,Julián,33.0786552,-116.6019637,GPE,,772
528,Julián,33.0786552,-116.6019637,GPE,,773
63,Ambra,38.5803277,-90.2797659,GPE,,774
64,Ambra,38.5803277,-90.2797659,GPE,,775
967,Stonehenge,30.07215799999999,-99.2485571,GPE,,776
309,Easter Island,-27.112723,-109.3496865,LOC,,777
432,Highway N-240,41.6762184,0.5011768,FAC,,778
180,Barcelona,36.0881056,-95.9241306,GPE,,779
1270,Ávila,40.656685,-4.6812086,GPE,,780
1271,Ávila,40.656685,-4.6812086,GPE,,781
1272,Ávila,40.656685,-4.6812086,GPE,,782
1273,Ávila,40.656685,-4.6812086,GPE,,783
1274,Ávila,40.656685,-4.6812086,GPE,,784
1001,Vatican,41.902916,12.453389,FAC,,785
1275,Ávila,40.656685,-4.6812086,GPE,,786
777,Rome,41.9027835,12.4963655,GPE,,787
1002,Vatican,41.902916,12.453389,FAC,,788
1276,Ávila,40.656685,-4.6812086,GPE,,789
655,Lourdes,43.091463,-0.045726,GPE,,790
1277,Ávila,40.656685,-4.6812086,GPE,,791
1278,Ávila,40.656685,-4.6812086,GPE,,792
1279,Ávila,40.656685,-4.6812086,GPE,,793
1280,Ávila,40.656685,-4.6812086,GPE,,794
1078,the Cathedral of Seville,37.3858247,-5.9931068,FAC,,795
1281,Ávila,40.656685,-4.6812086,GPE,,796
1282,Ávila,40.656685,-4.6812086,GPE,,797
1283,Ávila,40.656685,-4.6812086,GPE,,798
928,Spain,40.46366700000001,-3.74922,GPE,,799
1284,Ávila,40.656685,-4.6812086,GPE,,800
778,Rome,41.9027835,12.4963655,GPE,,801
1285,Ávila,40.656685,-4.6812086,GPE,,802
1286,Ávila,40.656685,-4.6812086,GPE,,803
929,Spain,40.46366700000001,-3.74922,GPE,,804
1287,Ávila,40.656685,-4.6812086,GPE,,805
1288,Ávila,40.656685,-4.6812086,GPE,,806
1289,Ávila,40.656685,-4.6812086,GPE,,807
1290,Ávila,40.656685,-4.6812086,GPE,,808
1291,Ávila,40.656685,-4.6812086,GPE,,809
1292,Ávila,40.656685,-4.6812086,GPE,,810
1293,Ávila,40.656685,-4.6812086,GPE,,811
1294,Ávila,40.656685,-4.6812086,GPE,,812
1295,Ávila,40.656685,-4.6812086,GPE,,813
1296,Ávila,40.656685,-4.6812086,GPE,,814
1297,Ávila,40.656685,-4.6812086,GPE,,815
989,US,37.09024,-95.712891,GPE,,816
305,EUROPE,54.5259614,15.2551187,LOC,,817
699,Madrid,40.4167754,-3.7037902,GPE,"  At that instant, on the second floor of Madrid’s Royal Palace, director of electronic security Suresh Bhalla was moving quietly through Prince Julián’s private apartment",818
791,Royal Palace,42.9657502,-71.44927229999999,FAC,,819
529,Julián,33.0786552,-116.6019637,GPE,,820
1127,the Royal Palace,42.9657502,-71.44927229999999,FAC,,821
181,Barcelona,36.0881056,-95.9241306,GPE,,822
1128,the Royal Palace,42.9657502,-71.44927229999999,FAC,,823
930,Spain,40.46366700000001,-3.74922,GPE,,824
416,Guggenheim,40.7829796,-73.9589706,FAC,,825
182,Barcelona,36.0881056,-95.9241306,GPE,,826
366,Gaudí,31.7093355,-106.4347439,GPE,,827
278,Casa Milà,41.3952155,2.1619024,GPE,,828
963,St. Peter’s,38.7874699,-90.6298922,GPE,,829
65,Ambra,38.5803277,-90.2797659,GPE,,830
1129,the Royal Palace,42.9657502,-71.44927229999999,FAC,,831
931,Spain,40.46366700000001,-3.74922,GPE,,832
303,Díaz,36.1483376,-95.8564384,GPE,,833
66,Ambra,38.5803277,-90.2797659,GPE,,834
67,Ambra,38.5803277,-90.2797659,GPE,,835
68,Ambra,38.5803277,-90.2797659,GPE,,836
69,Ambra,38.5803277,-90.2797659,GPE,,837
70,Ambra,38.5803277,-90.2797659,GPE,,838
71,Ambra,38.5803277,-90.2797659,GPE,,839
72,Ambra,38.5803277,-90.2797659,GPE,,840
73,Ambra,38.5803277,-90.2797659,GPE,,841
700,Madrid,40.4167754,-3.7037902,GPE,,842
530,Julián,33.0786552,-116.6019637,GPE,,843
932,Spain,40.46366700000001,-3.74922,GPE,,844
74,Ambra,38.5803277,-90.2797659,GPE,,845
183,Barcelona,36.0881056,-95.9241306,GPE,,846
272,Carrer de Mallorca,41.4030205,2.1747972,GPE,"THE COMPLETE WORKS OF WILLIAM BLAKE From the private collection of EDMOND KIRSCH On loan to LA BASÍLICA DE LA SAGRADA FAMÍLIA Carrer de Mallorca, 401 08013 Barcelona, Spain “I don’t understand,” Ambra said",847
184,Barcelona,36.0881056,-95.9241306,GPE,,848
933,Spain,40.46366700000001,-3.74922,GPE,,849
356,Europe,54.5259614,15.2551187,LOC,,850
801,Sagrada Família,32.8839453,-96.64761659999999,GPE,,851
207,Basílica de la Sagrada Família,41.4036299,2.1743558,FAC,,852
1003,Vatican,41.902916,12.453389,FAC,,853
185,Barcelona,36.0881056,-95.9241306,GPE,,854
186,Barcelona,36.0881056,-95.9241306,GPE,,855
187,Barcelona,36.0881056,-95.9241306,GPE,,856
388,Guardia,39.4652901,15.9998557,FAC,,857
75,Ambra,38.5803277,-90.2797659,GPE,,858
934,Spain,40.46366700000001,-3.74922,GPE,,859
802,Sagrada Família,32.8839453,-96.64761659999999,GPE,,860
935,Spain,40.46366700000001,-3.74922,GPE,"This Francoist symbol is in regular use by the Palmarian Church, which, according to Spain’s national newspaper,El Pais , has its own “pope” and has canonized several ruthless leaders—including Francisco Franco and Adolf Hitler—as saints! Don’t believe us? Look it up",861
321,El Pais,37.09024,-95.712891,GPE,,862
359,Francisco,36.1331784,-95.8883346,GPE,,863
1004,Vatican,41.902916,12.453389,FAC,,864
779,Rome,41.9027835,12.4963655,GPE,,865
1099,the Mount of Christ the King,32.8537385,-84.8640132,LOC,"The schismatic Palmarian Church still functions today out of its world headquarters—a secure, walled compound called the Mount of Christ the King in El Palmar de Troya, Spain",866
322,El Palmar de Troya,37.0624156,-5.8057207,GPE,,867
936,Spain,40.46366700000001,-3.74922,GPE,,868
1005,Vatican,41.902916,12.453389,FAC,,869
780,Rome,41.9027835,12.4963655,GPE,,870
76,Ambra,38.5803277,-90.2797659,GPE,,871
77,Ambra,38.5803277,-90.2797659,GPE,,872
637,Kansas,39.011902,-98.4842465,GPE,,873
1038,earth,37.2321077,-95.7243335,LOC,,874
711,Mars,38.932421,-95.692968,LOC,,875
1011,Venus,30.2851533,-81.5138602,LOC,,876
1039,earth,37.2321077,-95.7243335,LOC,,877
712,Mars,38.932421,-95.692968,LOC,,878
803,Sagrada Família,32.8839453,-96.64761659999999,GPE,,879
531,Julián,33.0786552,-116.6019637,GPE,,880
431,Highway M-505,40.5784161,-4.0861388,FAC,,881
279,Casita del Príncipe,40.5844039,-4.1365125,FAC,,882
532,Julián,33.0786552,-116.6019637,GPE,,883
533,Julián,33.0786552,-116.6019637,GPE,,884
937,Spain,40.46366700000001,-3.74922,GPE,,885
938,Spain,40.46366700000001,-3.74922,GPE,,886
1040,earth,37.2321077,-95.7243335,LOC,,887
640,Kentucky,37.8393332,-84.2700179,GPE,,888
987,U.S.,37.09024,-95.712891,GPE,,889
1041,earth,37.2321077,-95.7243335,LOC,,890
939,Spain,40.46366700000001,-3.74922,GPE,,891
188,Barcelona,36.0881056,-95.9241306,GPE,,892
1145,the Washington Monument,38.8894838,-77.0352791,FAC,"Once completed, the tallest of the eighteen pinnacles will climb a dizzying and unprecedented 560 feet—higher than the Washington Monument—making Sagrada Família the tallest church in the world, eclipsing the Vatican’s own St",893
804,Sagrada Família,32.8839453,-96.64761659999999,GPE,"Once completed, the tallest of the eighteen pinnacles will climb a dizzying and unprecedented 560 feet—higher than the Washington Monument—making Sagrada Família the tallest church in the world, eclipsing the Vatican’s own St",894
1006,Vatican,41.902916,12.453389,FAC,,895
965,St. Peter’s Basilica,41.9021667,12.4539367,GPE,,896
372,Glory,36.1426598,-86.7918021,FAC,,897
1042,earth,37.2321077,-95.7243335,LOC,,898
1007,Vatican,41.902916,12.453389,FAC,,899
235,Bilbao,43.2630126,-2.9349852,GPE,,900
417,Guggenheim,40.7829796,-73.9589706,FAC,,901
940,Spain,40.46366700000001,-3.74922,GPE,,902
805,Sagrada Família,32.8839453,-96.64761659999999,GPE,,903
806,Sagrada Família,32.8839453,-96.64761659999999,GPE,,904
1067,the Balearic Sea,40.2890514,2.1450245,LOC,,905
189,Barcelona,36.0881056,-95.9241306,GPE,,906
1298,Ávila,40.656685,-4.6812086,GPE,,907
807,Sagrada Família,32.8839453,-96.64761659999999,GPE,,908
190,Barcelona,36.0881056,-95.9241306,GPE,,909
1299,Ávila,40.656685,-4.6812086,GPE,,910
1300,Ávila,40.656685,-4.6812086,GPE,,911
1301,Ávila,40.656685,-4.6812086,GPE,,912
1302,Ávila,40.656685,-4.6812086,GPE,,913
1303,Ávila,40.656685,-4.6812086,GPE,,914
1304,Ávila,40.656685,-4.6812086,GPE,,915
1305,Ávila,40.656685,-4.6812086,GPE,,916
1306,Ávila,40.656685,-4.6812086,GPE,,917
1307,Ávila,40.656685,-4.6812086,GPE,,918
1308,Ávila,40.656685,-4.6812086,GPE,,919
1309,Ávila,40.656685,-4.6812086,GPE,,920
1310,Ávila,40.656685,-4.6812086,GPE,,921
701,Madrid,40.4167754,-3.7037902,GPE,".”  CHAPTER67 LOCATED ON THEground floor of Madrid’s Royal Palace, the armory is an elegantly vaulted chamber whose high crimson walls are adorned with magnificent tapestries depicting famous battles in Spain’s history",922
792,Royal Palace,42.9657502,-71.44927229999999,FAC,,923
941,Spain,40.46366700000001,-3.74922,GPE,,924
534,Julián,33.0786552,-116.6019637,GPE,,925
535,Julián,33.0786552,-116.6019637,GPE,,926
748,Palacio de la Zarzuela,40.4832532,-3.8016262,FAC,,927
942,Spain,40.46366700000001,-3.74922,GPE,,928
943,Spain,40.46366700000001,-3.74922,GPE,,929
944,Spain,40.46366700000001,-3.74922,GPE,,930
945,Spain,40.46366700000001,-3.74922,GPE,,931
946,Spain,40.46366700000001,-3.74922,GPE,,932
358,France,46.227638,2.213749,GPE,"France, Germany, Russia, Austria, Poland, and more than fifty other countries had abandoned their crowns in the last century",933
370,Germany,51.165691,10.451526,GPE,"France, Germany, Russia, Austria, Poland, and more than fifty other countries had abandoned their crowns in the last century",934
795,Russia,61.52401,105.318756,GPE,"France, Germany, Russia, Austria, Poland, and more than fifty other countries had abandoned their crowns in the last century",935
123,Austria,47.516231,14.550072,GPE,,936
763,Poland,51.919438,19.145136,GPE,,937
330,England,52.3555177,-1.1743197,GPE,,938
702,Madrid,40.4167754,-3.7037902,GPE,,939
793,Royal Palace,42.9657502,-71.44927229999999,FAC,,940
389,Guardia,39.4652901,15.9998557,FAC,,941
824,Santa Claus,38.1200538,-86.9141607,GPE,,942
990,USA,37.09024,-95.712891,GPE,"• Palmarian recruitment houses exist in the USA, Canada, Germany, Austria, and Ireland",943
269,Canada,56.130366,-106.346771,GPE,"• Palmarian recruitment houses exist in the USA, Canada, Germany, Austria, and Ireland",944
371,Germany,51.165691,10.451526,GPE,"• Palmarian recruitment houses exist in the USA, Canada, Germany, Austria, and Ireland",945
124,Austria,47.516231,14.550072,GPE,,946
443,Ireland,53.1423672,-7.692053599999999,GPE,,947
808,Sagrada Família,32.8839453,-96.64761659999999,GPE,,948
809,Sagrada Família,32.8839453,-96.64761659999999,GPE,,949
367,Gaudí,31.7093355,-106.4347439,GPE,,950
368,Gaudí,31.7093355,-106.4347439,GPE,,951
78,Ambra,38.5803277,-90.2797659,GPE,,952
816,Sagrada Família’s,41.4036299,2.1743558,GPE,"Sagrada Família’s dizzying shaft of circling stairs had appeared onNational Geographic ’s list of “The 20 Deadliest Staircases in the World,” earning a spot as number three, just behind the precarious steps up the Angkor Wat Temple in Cambodia and the mossy cliffside stones of the Devil’s Cauldron waterfall in Ecuador",953
1064,the Angkor Wat Temple,13.4124693,103.8669857,FAC,"Sagrada Família’s dizzying shaft of circling stairs had appeared onNational Geographic ’s list of “The 20 Deadliest Staircases in the World,” earning a spot as number three, just behind the precarious steps up the Angkor Wat Temple in Cambodia and the mossy cliffside stones of the Devil’s Cauldron waterfall in Ecuador",954
265,Cambodia,12.565679,104.990963,GPE,,955
310,Ecuador,-1.831239,-78.18340599999999,GPE,,956
536,Julián,33.0786552,-116.6019637,GPE,,957
79,Ambra,38.5803277,-90.2797659,GPE,,958
1043,earth,37.2321077,-95.7243335,LOC,,959
80,Ambra,38.5803277,-90.2797659,GPE,,960
357,Europe,54.5259614,15.2551187,LOC,,961
817,Sagrada Família’s,41.4036299,2.1743558,GPE,,962
734,Mount Carmel,39.0469516,-95.6577499,LOC,,963
743,New York City’s,40.7127753,-74.0059728,GPE," In addition, Blake’s timeless demiurge watched over New York City’s Rockefeller Center, where the ancient geometer gazed down from an Art Deco sculpture titledWisdom, Light, and Sound",964
769,Rockefeller Center,40.7587402,-73.9786736,FAC,,965
121,Art Deco,36.1514283,-95.988489,FAC,,966
81,Ambra,38.5803277,-90.2797659,GPE,,967
703,Madrid,40.4167754,-3.7037902,GPE,,968
947,Spain,40.46366700000001,-3.74922,GPE,,969
131,BARCELONA,36.0881056,-95.9241306,GPE,,970
537,Julián,33.0786552,-116.6019637,GPE,,971
538,Julián,33.0786552,-116.6019637,GPE,,972
539,Julián,33.0786552,-116.6019637,GPE,,973
280,Casita del Príncipe,40.5844039,-4.1365125,FAC,,974
540,Julián,33.0786552,-116.6019637,GPE,,975
541,Julián,33.0786552,-116.6019637,GPE,,976
542,Julián,33.0786552,-116.6019637,GPE,,977
543,Julián,33.0786552,-116.6019637,GPE,,978
544,Julián,33.0786552,-116.6019637,GPE,,979
545,Julián,33.0786552,-116.6019637,GPE,,980
948,Spain,40.46366700000001,-3.74922,GPE,,981
546,Julián,33.0786552,-116.6019637,GPE,,982
749,Palacio de la Zarzuela,40.4832532,-3.8016262,FAC,,983
547,Julián,33.0786552,-116.6019637,GPE,,984
548,Julián,33.0786552,-116.6019637,GPE,,985
549,Julián,33.0786552,-116.6019637,GPE,,986
1025,Zarzuela,42.2497941,-88.28981279999999,GPE,,987
550,Julián,33.0786552,-116.6019637,GPE,,988
313,El Escorial,40.5890408,-4.1477268,GPE,,989
733,Mount Abantos,40.6166667,-4.149999999999999,LOC,"Less than a mile away, standing like a fortress at the base of Mount Abantos, was one of the largest religious structures in the world—Spain’s fabled El Escorial",990
949,Spain,40.46366700000001,-3.74922,GPE,,991
314,El Escorial,40.5890408,-4.1477268,GPE,,992
551,Julián,33.0786552,-116.6019637,GPE,,993
552,Julián,33.0786552,-116.6019637,GPE,,994
553,Julián,33.0786552,-116.6019637,GPE,,995
554,Julián,33.0786552,-116.6019637,GPE,,996
555,Julián,33.0786552,-116.6019637,GPE,,997
556,Julián,33.0786552,-116.6019637,GPE,,998
557,Julián,33.0786552,-116.6019637,GPE,,999
558,Julián,33.0786552,-116.6019637,GPE,,1000
559,Julián,33.0786552,-116.6019637,GPE,,1001
560,Julián,33.0786552,-116.6019637,GPE,,1002
561,Julián,33.0786552,-116.6019637,GPE,,1003
562,Julián,33.0786552,-116.6019637,GPE,,1004
563,Julián,33.0786552,-116.6019637,GPE,,1005
1044,earth,37.2321077,-95.7243335,LOC,,1006
564,Julián,33.0786552,-116.6019637,GPE,,1007
565,Julián,33.0786552,-116.6019637,GPE,,1008
566,Julián,33.0786552,-116.6019637,GPE,,1009
950,Spain,40.46366700000001,-3.74922,GPE,,1010
567,Julián,33.0786552,-116.6019637,GPE,,1011
568,Julián,33.0786552,-116.6019637,GPE,,1012
569,Julián,33.0786552,-116.6019637,GPE,,1013
570,Julián,33.0786552,-116.6019637,GPE,,1014
571,Julián,33.0786552,-116.6019637,GPE,,1015
572,Julián,33.0786552,-116.6019637,GPE,,1016
573,Julián,33.0786552,-116.6019637,GPE,,1017
82,Ambra,38.5803277,-90.2797659,GPE,,1018
83,Ambra,38.5803277,-90.2797659,GPE,,1019
390,Guardia,39.4652901,15.9998557,FAC,,1020
191,Barcelona,36.0881056,-95.9241306,GPE,,1021
84,Ambra,38.5803277,-90.2797659,GPE,,1022
85,Ambra,38.5803277,-90.2797659,GPE,,1023
810,Sagrada Família,32.8839453,-96.64761659999999,GPE,Someone just killed Díaz and Fonseca! Who’s in here with us? And what do they want? Langdon could imagine only one logical answer: the killer lurking in the darkness of Sagrada Família had not come here to murder two random Guardia agents … he had come for Ambra and Langdon,1024
391,Guardia,39.4652901,15.9998557,FAC,,1025
86,Ambra,38.5803277,-90.2797659,GPE,,1026
87,Ambra,38.5803277,-90.2797659,GPE,,1027
818,Sagrada Família’s,41.4036299,2.1743558,GPE,,1028
88,Ambra,38.5803277,-90.2797659,GPE,,1029
89,Ambra,38.5803277,-90.2797659,GPE,,1030
418,Guggenheim,40.7829796,-73.9589706,FAC,,1031
1311,Ávila,40.656685,-4.6812086,GPE,,1032
1312,Ávila,40.656685,-4.6812086,GPE,,1033
1313,Ávila,40.656685,-4.6812086,GPE,,1034
819,Sagrada Família’s,41.4036299,2.1743558,GPE,,1035
1314,Ávila,40.656685,-4.6812086,GPE,,1036
1315,Ávila,40.656685,-4.6812086,GPE,,1037
419,Guggenheim,40.7829796,-73.9589706,FAC,,1038
1316,Ávila,40.656685,-4.6812086,GPE,"Ávila considered making a move to grab the ceramic gun from his belt to fire on Langdon first, but even if he were successful, Ávila estimated his chances of survival at about fifty-fifty",1039
649,Langdon,42.0675769,-75.7946344,GPE,,1040
1317,Ávila,40.656685,-4.6812086,GPE,,1041
1318,Ávila,40.656685,-4.6812086,GPE,,1042
1319,Ávila,40.656685,-4.6812086,GPE,,1043
1320,Ávila,40.656685,-4.6812086,GPE,,1044
1321,Ávila,40.656685,-4.6812086,GPE,,1045
1322,Ávila,40.656685,-4.6812086,GPE,,1046
1323,Ávila,40.656685,-4.6812086,GPE,,1047
1324,Ávila,40.656685,-4.6812086,GPE,,1048
1325,Ávila,40.656685,-4.6812086,GPE,,1049
951,Spain,40.46366700000001,-3.74922,GPE,,1050
1326,Ávila,40.656685,-4.6812086,GPE,,1051
835,Seville Cathedral,37.3858247,-5.9931068,FAC,,1052
832,Seville,37.3890924,-5.9844589,GPE,,1053
1327,Ávila,40.656685,-4.6812086,GPE,,1054
323,El Palmar de Troya,37.0624156,-5.8057207,GPE,,1055
833,Seville,37.3890924,-5.9844589,GPE,,1056
1328,Ávila,40.656685,-4.6812086,GPE,,1057
1329,Ávila,40.656685,-4.6812086,GPE,,1058
1330,Ávila,40.656685,-4.6812086,GPE,,1059
834,Seville,37.3890924,-5.9844589,GPE,,1060
1331,Ávila,40.656685,-4.6812086,GPE,,1061
1332,Ávila,40.656685,-4.6812086,GPE,,1062
1333,Ávila,40.656685,-4.6812086,GPE,,1063
1334,Ávila,40.656685,-4.6812086,GPE,,1064
1335,Ávila,40.656685,-4.6812086,GPE,,1065
1336,Ávila,40.656685,-4.6812086,GPE,,1066
1337,Ávila,40.656685,-4.6812086,GPE,,1067
1338,Ávila,40.656685,-4.6812086,GPE,,1068
1339,Ávila,40.656685,-4.6812086,GPE,,1069
1340,Ávila,40.656685,-4.6812086,GPE,,1070
1341,Ávila,40.656685,-4.6812086,GPE,,1071
1342,Ávila,40.656685,-4.6812086,GPE,,1072
1343,Ávila,40.656685,-4.6812086,GPE,,1073
1344,Ávila,40.656685,-4.6812086,GPE,,1074
1345,Ávila,40.656685,-4.6812086,GPE,,1075
1346,Ávila,40.656685,-4.6812086,GPE,,1076
1347,Ávila,40.656685,-4.6812086,GPE,,1077
1348,Ávila,40.656685,-4.6812086,GPE,,1078
766,Princeton,40.3430942,-74.65507389999999,FAC,,1079
1349,Ávila,40.656685,-4.6812086,GPE,,1080
1350,Ávila,40.656685,-4.6812086,GPE,,1081
1351,Ávila,40.656685,-4.6812086,GPE,,1082
315,El Escorial,40.5890408,-4.1477268,GPE,,1083
392,Guardia,39.4652901,15.9998557,FAC,,1084
574,Julián,33.0786552,-116.6019637,GPE,,1085
316,El Escorial,40.5890408,-4.1477268,GPE,,1086
575,Julián,33.0786552,-116.6019637,GPE,,1087
393,Guardia,39.4652901,15.9998557,FAC,,1088
576,Julián,33.0786552,-116.6019637,GPE,,1089
577,Julián,33.0786552,-116.6019637,GPE,,1090
317,El Escorial,40.5890408,-4.1477268,GPE,,1091
578,Julián,33.0786552,-116.6019637,GPE,,1092
1352,Ávila,40.656685,-4.6812086,GPE,,1093
90,Ambra,38.5803277,-90.2797659,GPE,,1094
192,Barcelona,36.0881056,-95.9241306,GPE,,1095
820,Sagrada Família’s,41.4036299,2.1743558,GPE,,1096
811,Sagrada Família,32.8839453,-96.64761659999999,GPE,,1097
952,Spain,40.46366700000001,-3.74922,GPE,,1098
812,Sagrada Família,32.8839453,-96.64761659999999,GPE,,1099
193,Barcelona,36.0881056,-95.9241306,GPE,,1100
194,Barcelona,36.0881056,-95.9241306,GPE,"Impossible to miss on any map of Barcelona, Avinguda Diagonal crossed the entire width of the city, from the ultramodern beachside skyscraper Diagonal ZeroZero to the ancient rose gardens of Parc de Cervantes—a ten-acre tribute to Spain’s most celebrated novelist, the author ofDon Quixote ",1101
292,Diagonal ZeroZero,41.4122222,2.2205556,FAC,,1102
953,Spain,40.46366700000001,-3.74922,GPE,,1103
195,Barcelona,36.0881056,-95.9241306,GPE,,1104
128,Avinguda Diagonal,41.3968834,2.1615936,LOC,,1105
1082,the Gran Hotel Princesa Sofía,41.3859139,2.1233083,FAC,,1106
91,Ambra,38.5803277,-90.2797659,GPE,,1107
196,Barcelona,36.0881056,-95.9241306,GPE,,1108
374,Gran Hotel,26.0364592,-98.2773488,FAC,,1109
129,Avinguda Diagonal,41.3968834,2.1615936,FAC,,1110
1106,the Plaça de Pius XII,41.3875226,2.1231522,FAC,,1111
1130,the Royal Palace,42.9657502,-71.44927229999999,FAC,,1112
755,Pedralbes,41.3912714,2.1111608,GPE,,1113
92,Ambra,38.5803277,-90.2797659,GPE,,1114
93,Ambra,38.5803277,-90.2797659,GPE,,1115
420,Guggenheim,40.7829796,-73.9589706,FAC,,1116
421,Guggenheim,40.7829796,-73.9589706,GPE,,1117
717,Miró,32.7905419,-96.80457779999999,GPE,,1118
718,Miró,32.7905419,-96.80457779999999,GPE,,1119
1019,Winston,32.8956509,-96.8107349,GPE,,1120
1020,Winston,32.8956509,-96.8107349,GPE,,1121
756,Pedralbes,41.3912714,2.1111608,GPE,,1122
719,Miró,32.7905419,-96.80457779999999,GPE,,1123
720,Miró,32.7905419,-96.80457779999999,GPE,,1124
1021,Winston,32.8956509,-96.8107349,GPE,,1125
197,Barcelona,36.0881056,-95.9241306,GPE,,1126
198,Barcelona,36.0881056,-95.9241306,GPE,,1127
954,Spain,40.46366700000001,-3.74922,GPE,,1128
318,El Escorial,40.5890408,-4.1477268,GPE,,1129
1139,the Valley of the Fallen,40.6417999,-4.155308,LOC,,1130
579,Julián,33.0786552,-116.6019637,GPE,,1131
394,Guardia,39.4652901,15.9998557,FAC,,1132
580,Julián,33.0786552,-116.6019637,GPE,,1133
1140,the Valley of the Fallen,40.6417999,-4.155308,LOC,,1134
581,Julián,33.0786552,-116.6019637,GPE,,1135
582,Julián,33.0786552,-116.6019637,GPE,,1136
583,Julián,33.0786552,-116.6019637,GPE,,1137
395,Guardia,39.4652901,15.9998557,FAC,,1138
584,Julián,33.0786552,-116.6019637,GPE,,1139
585,Julián,33.0786552,-116.6019637,GPE,,1140
586,Julián,33.0786552,-116.6019637,GPE,,1141
587,Julián,33.0786552,-116.6019637,GPE,,1142
1070,the Barcelona Supercomputing Center,41.38939970000001,2.116153,FAC,,1143
94,Ambra,38.5803277,-90.2797659,GPE,,1144
95,Ambra,38.5803277,-90.2797659,GPE,,1145
96,Ambra,38.5803277,-90.2797659,GPE,,1146
97,Ambra,38.5803277,-90.2797659,GPE,,1147
119,America,37.09024,-95.712891,GPE,,1148
1008,Vatican,41.902916,12.453389,FAC,,1149
422,Guggenheim,40.7829796,-73.9589706,FAC,,1150
1022,Winston,32.8956509,-96.8107349,FAC,,1151
199,Barcelona,36.0881056,-95.9241306,GPE,,1152
1071,the Barcelona Supercomputing Center,41.38939970000001,2.116153,FAC,,1153
982,The Valley of the Fallen,40.6417999,-4.155308,LOC,,1154
396,Guardia,39.4652901,15.9998557,FAC,,1155
588,Julián,33.0786552,-116.6019637,GPE,,1156
589,Julián,33.0786552,-116.6019637,GPE,,1157
590,Julián,33.0786552,-116.6019637,GPE,,1158
704,Madrid,40.4167754,-3.7037902,GPE,,1159
794,Royal Palace,42.9657502,-71.44927229999999,FAC,,1160
591,Julián,33.0786552,-116.6019637,GPE,,1161
955,Spain,40.46366700000001,-3.74922,GPE,,1162
592,Julián,33.0786552,-116.6019637,GPE,,1163
593,Julián,33.0786552,-116.6019637,GPE,,1164
594,Julián,33.0786552,-116.6019637,GPE,,1165
397,Guardia,39.4652901,15.9998557,FAC,,1166
595,Julián,33.0786552,-116.6019637,GPE,,1167
596,Julián,33.0786552,-116.6019637,GPE,,1168
964,St. Peter’s,38.7874699,-90.6298922,GPE,,1169
781,Rome,41.9027835,12.4963655,GPE,,1170
597,Julián,33.0786552,-116.6019637,GPE,,1171
598,Julián,33.0786552,-116.6019637,GPE,,1172
398,Guardia,39.4652901,15.9998557,FAC,,1173
599,Julián,33.0786552,-116.6019637,GPE,,1174
956,Spain,40.46366700000001,-3.74922,GPE,,1175
98,Ambra,38.5803277,-90.2797659,GPE,,1176
287,China,35.86166,104.195397,GPE,,1177
1024,Xi’an archeological,40.7794366,-73.963244,LOC,,1178
99,Ambra,38.5803277,-90.2797659,GPE,,1179
100,Ambra,38.5803277,-90.2797659,GPE,,1180
957,Spain,40.46366700000001,-3.74922,GPE,,1181
600,Julián,33.0786552,-116.6019637,GPE,,1182
601,Julián,33.0786552,-116.6019637,GPE,,1183
602,Julián,33.0786552,-116.6019637,GPE,,1184
603,Julián,33.0786552,-116.6019637,GPE,,1185
604,Julián,33.0786552,-116.6019637,GPE,,1186
605,Julián,33.0786552,-116.6019637,GPE,,1187
200,Barcelona,36.0881056,-95.9241306,GPE,,1188
423,Guggenheim,40.7829796,-73.9589706,FAC,,1189
201,Barcelona,36.0881056,-95.9241306,GPE,,1190
101,Ambra,38.5803277,-90.2797659,GPE,,1191
606,Julián,33.0786552,-116.6019637,GPE,,1192
115,Ambra barefoot,33.798624,-78.74585499999999,LOC,,1193
1045,earth,37.2321077,-95.7243335,LOC,,1194
821,San Diego,32.715738,-117.1610838,GPE,,1195
1046,earth,37.2321077,-95.7243335,LOC,,1196
424,Guggenheim,40.7829796,-73.9589706,FAC,,1197
102,Ambra,38.5803277,-90.2797659,GPE,,1198
1047,earth,37.2321077,-95.7243335,LOC,,1199
103,Ambra,38.5803277,-90.2797659,GPE,,1200
822,San Diego,32.715738,-117.1610838,GPE,,1201
104,Ambra,38.5803277,-90.2797659,GPE,,1202
1048,earth,37.2321077,-95.7243335,LOC,,1203
248,Boston,42.3600825,-71.0588801,GPE,,1204
331,England,52.3555177,-1.1743197,GPE,,1205
105,Ambra,38.5803277,-90.2797659,GPE,,1206
332,England,52.3555177,-1.1743197,GPE,,1207
333,England,52.3555177,-1.1743197,GPE,,1208
334,England,52.3555177,-1.1743197,GPE,,1209
335,England,52.3555177,-1.1743197,GPE,,1210
336,England,52.3555177,-1.1743197,GPE,,1211
337,England,52.3555177,-1.1743197,GPE,,1212
338,England,52.3555177,-1.1743197,GPE,,1213
339,England,52.3555177,-1.1743197,GPE,,1214
1049,earth,37.2321077,-95.7243335,LOC,,1215
340,England,52.3555177,-1.1743197,GPE,,1216
341,England,52.3555177,-1.1743197,GPE,,1217
342,England,52.3555177,-1.1743197,GPE,,1218
343,England,52.3555177,-1.1743197,GPE,,1219
344,England,52.3555177,-1.1743197,GPE,,1220
345,England,52.3555177,-1.1743197,GPE,,1221
346,England,52.3555177,-1.1743197,GPE,,1222
347,England,52.3555177,-1.1743197,GPE,,1223
348,England,52.3555177,-1.1743197,GPE,,1224
1050,earth,37.2321077,-95.7243335,LOC,,1225
729,Montserrat,16.742498,-62.187366,GPE,,1226
1051,earth,37.2321077,-95.7243335,LOC,,1227
132,BC,36.1835287,-95.9660485,GPE,,1228
133,BC,36.1835287,-95.9660485,GPE,,1229
1052,earth,37.2321077,-95.7243335,LOC,,1230
1053,earth,37.2321077,-95.7243335,LOC,,1231
106,Ambra,38.5803277,-90.2797659,GPE,,1232
1059,new kingdom,44.885196,-93.4125079,GPE,,1233
1061,newest kingdom,28.3529237,-81.5906767,GPE,,1234
1060,new kingdom,44.885196,-93.4125079,GPE,,1235
1023,Winston,32.8956509,-96.8107349,GPE,,1236
107,Ambra,38.5803277,-90.2797659,GPE,,1237
116,"Ambra, Langdon",,,FAC,,1238
737,Mónica Martín’s,32.4901895,-116.9358308,GPE,,1239
736,Mónica,34.0099215,-118.4960063,GPE,,1240
293,Diego,32.715738,-117.1610838,GPE,,1241
1141,the Valley of the Fallen,40.6417999,-4.155308,LOC,,1242
1142,the Valley of the Fallen,40.6417999,-4.155308,LOC,,1243
1096,the Hospital El Escorial,40.6075747,-4.1192623,FAC,,1244
294,Diego,32.715738,-117.1610838,GPE,,1245
399,Guardia,39.4652901,15.9998557,FAC,,1246
400,Guardia,39.4652901,15.9998557,FAC,,1247
730,Montserrat,16.742498,-62.187366,GPE,,1248
108,Ambra,38.5803277,-90.2797659,GPE,,1249
991,USC,37.6691785,-97.3860243,GPE,,1250
1054,earth,37.2321077,-95.7243335,LOC,,1251
1055,earth,37.2321077,-95.7243335,LOC,,1252
1056,earth,37.2321077,-95.7243335,LOC,,1253
311,Eden,31.216276,-99.8456277,GPE,,1254
983,Times Square,40.7579747,-73.9855426,FAC,,1255
707,Maine,45.253783,-69.4454689,GPE,,1256
1057,earth,37.2321077,-95.7243335,LOC,,1257
425,Guggenheim,40.7829796,-73.9589706,FAC,,1258
236,Bilbao,43.2630126,-2.9349852,GPE,,1259
1104,the Nervión River,25.8672778,-80.34165139999999,LOC,,1260
109,Ambra,38.5803277,-90.2797659,GPE,,1261
607,Julián,33.0786552,-116.6019637,GPE,,1262
608,Julián,33.0786552,-116.6019637,GPE,,1263
609,Julián,33.0786552,-116.6019637,GPE,,1264
610,Julián,33.0786552,-116.6019637,GPE,,1265
611,Julián,33.0786552,-116.6019637,GPE,,1266
110,Ambra,38.5803277,-90.2797659,GPE,,1267
612,Julián,33.0786552,-116.6019637,GPE,,1268
613,Julián,33.0786552,-116.6019637,GPE,,1269
614,Julián,33.0786552,-116.6019637,GPE,,1270
1143,the Valley of the Fallen,40.6417999,-4.155308,FAC,,1271
958,Spain,40.46366700000001,-3.74922,GPE,,1272
615,Julián,33.0786552,-116.6019637,GPE,,1273
616,Julián,33.0786552,-116.6019637,GPE,,1274
617,Julián,33.0786552,-116.6019637,GPE,,1275
618,Julián,33.0786552,-116.6019637,GPE,,1276
619,Julián,33.0786552,-116.6019637,GPE,,1277
620,Julián,33.0786552,-116.6019637,GPE,,1278
621,Julián,33.0786552,-116.6019637,GPE,,1279
622,Julián,33.0786552,-116.6019637,GPE,,1280
623,Julián,33.0786552,-116.6019637,GPE,,1281
624,Julián,33.0786552,-116.6019637,GPE,,1282
319,El Escorial,40.5890408,-4.1477268,GPE,,1283
625,Julián,33.0786552,-116.6019637,GPE,,1284
626,Julián,33.0786552,-116.6019637,GPE,,1285
959,Spain,40.46366700000001,-3.74922,GPE,,1286
401,Guardia,39.4652901,15.9998557,FAC,,1287
202,Barcelona,36.0881056,-95.9241306,GPE,,1288
627,Julián,33.0786552,-116.6019637,GPE,,1289
628,Julián,33.0786552,-116.6019637,GPE,,1290
629,Julián,33.0786552,-116.6019637,GPE,,1291
630,Julián,33.0786552,-116.6019637,GPE,,1292
981,The Royal Palace,42.9657502,-71.44927229999999,FAC,,1293
969,Stratford,38.9051246,-94.72460009999999,GPE,"In addition to those in Stratford-upon-Avon, Vienna, San Francisco, and Central Park in New York City, there is a Shakespeare garden located alongside the Barcelona Supercomputing Center",1294
130,Avon,37.55808640000001,-97.27436619999999,GPE,"In addition to those in Stratford-upon-Avon, Vienna, San Francisco, and Central Park in New York City, there is a Shakespeare garden located alongside the Barcelona Supercomputing Center",1295
1013,Vienna,48.2081743,16.3738189,GPE,"In addition to those in Stratford-upon-Avon, Vienna, San Francisco, and Central Park in New York City, there is a Shakespeare garden located alongside the Barcelona Supercomputing Center",1296
823,San Francisco,37.7749295,-122.4194155,GPE,"In addition to those in Stratford-upon-Avon, Vienna, San Francisco, and Central Park in New York City, there is a Shakespeare garden located alongside the Barcelona Supercomputing Center",1297
283,Central Park,40.7812199,-73.9665138,LOC,"In addition to those in Stratford-upon-Avon, Vienna, San Francisco, and Central Park in New York City, there is a Shakespeare garden located alongside the Barcelona Supercomputing Center",1298
742,New York City,40.7127753,-74.0059728,GPE,"In addition to those in Stratford-upon-Avon, Vienna, San Francisco, and Central Park in New York City, there is a Shakespeare garden located alongside the Barcelona Supercomputing Center",1299
837,Shakespeare garden,42.0568586,-87.67598319999999,FAC,,1300
1072,the Barcelona Supercomputing Center,41.38939970000001,2.116153,FAC,,1301
402,Guardia,39.4652901,15.9998557,FAC,,1302
705,Madrid,40.4167754,-3.7037902,GPE,,1303
631,Julián,33.0786552,-116.6019637,GPE,,1304
127,Avenue,40.7494249,-74.0033364,FAC,,1305
757,Pedralbes,41.3912714,2.1111608,GPE,,1306
403,Guardia,39.4652901,15.9998557,FAC,,1307
1083,the Gran Hotel Princesa Sofía,41.3859139,2.1233083,FAC,,1308
111,Ambra,38.5803277,-90.2797659,GPE,,1309
760,Plaza de la Almudena,40.415651,-3.714552,FAC,,1310
434,Hospital El Escorial,40.6075747,-4.1192623,GPE,,1311
632,Julián,33.0786552,-116.6019637,GPE,,1312
633,Julián,33.0786552,-116.6019637,GPE,,1313
960,Spain,40.46366700000001,-3.74922,GPE,,1314
961,Spain,40.46366700000001,-3.74922,GPE,,1315
426,Guggenheim,40.7829796,-73.9589706,FAC,,1316
1353,Ávila,40.656685,-4.6812086,GPE,,1317
1131,the Royal Palace,42.9657502,-71.44927229999999,FAC,,1318
112,Ambra,38.5803277,-90.2797659,GPE,,1319
634,Julián,33.0786552,-116.6019637,GPE,,1320
635,Julián,33.0786552,-116.6019637,GPE,,1321
636,Julián,33.0786552,-116.6019637,GPE,,1322
203,Barcelona,36.0881056,-95.9241306,GPE, CHAPTER104 THE SIX-HUNDRED-FOOT HILLknown as Montjuïc is located in the southwestern corner of Barcelona and is crowned by the Castell de Montjuïc—a sprawling seventeenth-century fortification perched atop a sheer cliff with commanding views of the Balearic Sea,1323
1076,the Castell de Montjuïc,41.362959,2.1650636,FAC,,1324
1068,the Balearic Sea,40.2890514,2.1450245,LOC,,1325
204,Barcelona,36.0881056,-95.9241306,GPE,,1326
1084,the Gran Hotel Princesa Sofía,41.3859139,2.1233083,FAC,,1327
744,Nomad,40.74492960000001,-73.9886679,GPE,,1328
446,Jovicus,,,LOC,,1329
427,Guggenheim,40.7829796,-73.9589706,FAC,,1330
284,Chapel Torre Girona,41.38939970000001,2.116153,FAC,,1331
1354,Ávila,40.656685,-4.6812086,GPE,,1332
1355,Ávila,40.656685,-4.6812086,GPE,,1333
1356,Ávila,40.656685,-4.6812086,GPE,,1334
813,Sagrada Família,32.8839453,-96.64761659999999,GPE,,1335
1357,Ávila,40.656685,-4.6812086,GPE,,1336
731,Montserrat,16.742498,-62.187366,GPE,,1337
113,Ambra,38.5803277,-90.2797659,GPE,,1338
114,Ambra,38.5803277,-90.2797659,GPE,,1339
814,Sagrada Família,32.8839453,-96.64761659999999,GPE,,1340
762,Plaça de Gaudí,41.4046288,2.1757755,FAC,,1341
815,Sagrada Família,32.8839453,-96.64761659999999,GPE,,1342
1009,Vatican,41.902916,12.453389,FAC,,1343
782,Rome,41.9027835,12.4963655,GPE,,1344
349,England,52.3555177,-1.1743197,GPE,,1345
968,Stonehenge,30.07215799999999,-99.2485571,GPE,"Langdon now saw a stream of images in his mind—Stonehenge, the Great Pyramids, the Ajanta Caves, Abu Simbel, Chichén Itzá—sacred sites around the world where ancients had once gathered to watch the very same spectacle",1346
1086,the Great Pyramids,29.9792345,31.1342019,FAC,,1347
1063,the Ajanta Caves,20.5518603,75.7032521,LOC,,1348
1097,the MB Agency,32.5411388,-97.327775,FAC,,1349
205,Barcelona,36.0881056,-95.9241306,GPE,,1350
732,Montserrat,16.742498,-62.187366,GPE,,1351
1073,the Barcelona Supercomputing Center,41.38939970000001,2.116153,FAC,,1352
1094,the Guggenheim Museum,40.7829796,-73.9589706,FAC,,1353
237,Bilbao,43.2630126,-2.9349852,GPE,,1354
440,Hungary,47.162494,19.5033041,GPE,,1355
750,Palm Springs,33.8302961,-116.5452921,GPE,,1356
445,Joselarucca,43.8902829,-79.3907791,GPE,,1357
